height,weight
187.6,109.7
174.7,73.6
188.2,96.5
182.2,99.8
177.5,93.6
170.8,69
174.7,83.4
173.6,76.2
170.2,79.8
161.2,70.9
180.8,84.6
182,97
164.5,75.8
176,85.9
175.9,84.6
171.8,78.1
183.9,88.9
162.5,78.4
176.9,84.4
172.6,82.7
172.5,79
176.4,89.7
168,67.7
191,103.8
172.4,73.5
173.1,87.2
175.5,83.7
184.9,93.8
171.2,79.5
174,70
174.3,85.1
188,96.6
181.7,88.5
175.7,93.1
176.7,92.6
178.8,87.5
175.5,89.6
170.7,83.4
167.2,74.3
163.3,74
172.7,78.1
183.4,88
165.8,76.5
167.9,73.1
171.5,74.7
178.1,85.7
173.4,84.8
183.3,94.8
175.7,87.1
185.1,95.9
164.5,75.1
178.3,91.2
174,78.7
171,82.3
170.2,77
168.9,74.1
173.6,86.1
179.8,87.1
180.9,89.9
177.8,95
181.4,90.2
176.7,89.8
187.5,88.6
170.2,74.8
181.4,81.6
165.8,70.4
173.4,83.7
184.8,100.1
173,83.1
175,89.1
176,83.7
179.1,94.1
176.9,80.4
171.7,74
184.2,98.1
181,92.8
182.4,91.1
183.5,100.2
168.9,89.1
167.7,76.5
171.6,82.3
173.3,90.1
187.5,107.9
177.3,78.5
167.5,72.9
180.5,85.5
169.2,94.5
175.1,87.7
173.3,79
183.7,89.5
182.4,91.5
165.7,82.1
179.4,82.6
164.4,80.5
170.4,74.8
165.4,75.2
182.1,87.6
169.8,82
168.8,78.4
176.3,80.5
177.9,91.1
169.5,76.1
168.3,70
173.6,80.7
178,83.4
174.6,81.3
171.6,71.9
168.3,75.5
175.7,78
171.7,79.1
176,85.2
173.2,91.4
181.9,93
175.8,81.1
170.8,74.4
187.2,101.3
176.6,92.1
173.5,85.9
172.1,80.8
182.1,101.3
161.6,75.8
174.6,81.9
170.1,74.6
159.3,68
183.5,87.5
180.1,91.6
171.7,81.6
179.8,89.1
176,85.1
168.3,77.9
171.4,87
167.1,75.2
181.5,84.2
173.9,80.9
162.5,68.5
180.3,95.2
173.1,79
173.7,81.6
173,76.1
173.1,83
174.9,76.9
168,78.7
168.2,82.1
171.3,83.2
176.5,93.4
179.1,83.4
181.2,91.6
180.3,98
168.2,72.3
184.3,95.4
171.4,81
166,66.6
179.9,88.9
177.6,77.2
164.4,77
176,90
174.8,81.6
157.3,66.8
174.2,80.3
165.7,84.1
163.4,80.5
174.6,77
184.1,90.1
170.8,92.2
170.8,87.6
165.4,80.8
168.3,73.8
172,72.3
166.4,78.1
177.5,91.6
173.9,77.3
183.4,93.2
173.2,77
182.8,90.9
167.8,81
169.3,76.2
171.7,80.6
173.3,87.7
164.6,73.7
171.4,83.2
173.2,82.1
176.7,95.6
168.7,75.1
169.1,89
182.7,91.6
173.4,77.3
177.7,91.6
182.5,87.7
167,81.6
170.3,71
194.8,106.6
184.3,104.6
177.1,92.5
184.9,99
184.2,101
183.6,94.6
170.8,82
192.9,105.2
168.4,77.4
180.7,85.4
180.8,88.9
183.4,97.3
190.9,101.7
163.6,71.9
164.4,75.5
161.1,72.6
172.3,79.9
167.5,79.1
180.3,88
171.7,84.8
174.2,78.7
178.6,87.7
183.9,94.5
179.9,93.5
167.4,78.3
190,105.5
171.9,80.4
170.6,79.7
182.3,96.4
164.2,75.7
173,89.1
169.6,75
169.7,80.1
172.4,79.2
175.7,88.6
178.4,93.3
164.7,71.8
172.3,76.7
161.1,61.5
182.5,99
169.5,70.7
182.8,91.4
193.1,107
181.5,88.6
171.1,80.1
179.2,90
177.5,84.2
172.6,80.4
188.2,97.9
175.7,84.8
169.1,77.8
169.4,78.4
170.8,76.3
175.4,74.3
179.5,86.2
166.4,71.2
165.6,78.3
171.6,76.7
187.5,104.9
181.9,94
172,78.1
173.3,90.6
167.5,76.2
181.7,89.7
175.7,89.3
174.2,81.7
180.5,85.8
161.7,71.9
180.8,94.8
168,84.9
165.2,71.5
173,82.4
180.3,92.9
188.5,104.8
176.1,84.5
164.9,82.1
173.6,90.2
180.2,92.2
156.2,73
174,86.1
183,90.8
184.2,100.6
180.9,97.1
183.5,91.5
171.6,84.9
183.6,89.1
159,68.8
168.2,75.9
176.9,90.2
176,81.1
179.6,87.8
174.8,89.7
167.7,83.7
168.7,70.4
169.2,73
172.8,85.8
179.1,78.5
175.7,88.9
179.8,97.9
165.6,75.6
190,108.6
180.5,83.6
176.1,90.7
177.5,86.8
163.6,76.7
172.3,88.3
171.6,83.1
189.9,95.4
181.4,89.8
170.5,78.3
177.4,89.4
173.8,86.4
172.6,83.7
174,81.6
165.7,72.3
178.3,89.8
180.6,98.6
173.9,85.2
166.2,80.2
172,84
188.5,101.3
180.8,93.9
170.8,77.6
172.4,79.5
171.1,78.6
174.7,82.2
182.1,91.9
176.2,90.7
187.2,101.4
176.4,99.5
179.8,95.8
182.3,91.1
176.1,94.7
165.8,73.2
180.1,94.3
174.2,82
174.3,80.2
176.5,88.3
167.5,73.9
174,78.6
187.8,97.8
180.8,95.3
169.1,83.9
182.2,85.3
177.2,85.4
169.5,81.4
177,96
178.8,89.7
175.3,84.5
164.4,75.3
180.3,85.6
163.7,73.2
177.2,87.8
181.7,85.9
173.6,94.2
179.7,90.4
181.4,95.2
176.3,81.7
182.9,89
175.7,85.9
168.1,75.1
170.9,82.7
180.1,86
175.6,86
171.2,77.2
185.3,98
179,80.3
175.3,88.9
169.6,76.1
175.6,81.5
185.7,100.1
171.4,74.5
165,71
172.2,83.3
171.9,77.2
168.9,76.5
185.4,95.1
176.7,88.6
180.3,88.1
177.6,99.5
182.1,93.1
171.8,81.1
173.5,82.4
174.5,92.3
175,74.9
175.2,89.8
170.8,78.6
175,83.4
167.2,63.3
164.3,72.7
168.4,74.2
170.4,88
170.2,86.1
180.2,83.6
173.8,86.5
171.8,85.4
192.1,102.6
179.2,89.8
175,86.4
173.4,79.9
165.1,80.6
166.6,78.8
176,95.5
166.9,77.2
172.2,78.7
175.8,83.9
172.8,88.1
157.3,67.7
170.9,87.3
171.9,81.5
177.7,92
165.9,74.1
182.6,98.4
168.2,83.1
167.2,75.6
185,93.1
180.2,86
181.2,99.1
180.5,92.1
157.3,63.5
174.7,89
171.7,81.6
171.1,74.5
167.3,76.3
174.5,86.1
176.6,88.5
169.3,86.4
177.3,92.7
174.4,89
181.9,95.1
177,86.6
180.1,89.8
172.7,84.7
179.4,85.6
181.8,80
185.5,95
154.3,61.8
175.5,86.6
176.1,86.8
172.1,83.9
193.1,105.4
183.5,91.5
175.1,85.4
166,79.2
167.5,83.4
179,85.1
185.9,97
174.1,79.5
174.1,76.9
161.5,65.6
170.5,79.7
179.9,89.4
186.8,101.1
168,75
172.5,77.3
181.4,98.3
170.5,78.8
186.1,98.8
161.7,73
175.8,87.9
177,80.3
179,92.9
175.3,80.2
173.9,87.4
167.7,75.7
176.1,84.7
175.5,85.5
186.8,94.5
167.9,73.3
186.8,97.5
177,93
169.4,83.1
185.3,94.8
173.3,94.3
182.8,95.6
180.5,92.7
170.1,88.5
173.9,86.5
181.1,90.6
165.1,75.7
169.6,81.1
174.7,84.3
175.2,87.9
181.1,103.8
175.4,87.2
169,79.8
174,79.9
171.3,80.5
181.2,91.5
174.2,80.2
177.1,84.2
177.4,85.3
183.9,85.9
166.2,75.3
168.3,77.2
177.7,96.5
180.9,89
177.6,91.8
181.3,91.3
164.1,71.9
174.7,79.1
173.9,83.4
175.8,85.3
176.3,79.9
176.8,88.1
185.1,88.1
157.9,66.2
174.9,87
180.5,95.2
183.3,91.3
183,94.7
171.1,82.9
172.6,75.5
179.8,87.7
166.5,80.9
178.3,93.4
182.3,90.4
173.1,87.1
173.6,79.5
167.9,77.1
181.8,93.1
186.8,88.9
180.6,94.4
179.8,92
182.2,85.5
160.5,73.7
173,82.9
167.3,71.4
173.6,81
176.7,84.9
174.6,77.8
178.2,91
175.1,88
163.3,70.5
179,87.3
174.3,72.5
176.9,79.9
175.4,77.9
170.8,82.4
167.9,77.7
174.3,81.3
175.9,85
176.9,82.6
184.9,97.3
190.6,94.6
180.3,86.3
188.9,98.5
163.5,70.8
181.2,93.6
170.6,80.8
189,103.8
162.2,79.1
175,74.5
183.2,96.2
173.7,93.4
165.3,75.9
175.8,88.5
182.7,94.9
171.4,82.7
176.1,86.3
161.9,72.7
154.1,58.6
179.5,88.7
171.7,84.7
189.6,103.2
179,89.4
182.7,95.1
188,95.1
179.8,100
164.4,76.8
173.7,84.3
181.5,87.4
170,80.3
179.8,90.7
165.8,76.5
156.9,56
158.7,72.7
172.2,89.4
176.6,73.5
184.2,91.5
179,88.4
169.4,73.7
181.1,79.7
182.4,95
185.6,92.7
174.9,95.6
167.8,76.8
187.9,101.3
175.9,87.5
176.1,78.4
180.3,86.9
161.4,71.3
177.2,82.9
165.6,68.9
177.7,87.7
177.2,84.1
180.8,88.6
179.3,79
166.8,74.7
170.5,74.3
167.4,79.3
187.4,96.6
172.1,78.4
166.5,78
180.9,88.9
166.6,79.3
166.8,79.2
157.4,63.6
187.7,97.8
183.7,97.9
178.6,83.6
170.5,76.3
167.5,68.7
170.8,84.4
178.1,92.2
190.1,101.6
163.9,67.3
177.9,94
182.5,93.1
185,95
186.2,90.3
168.6,74.9
168.9,82
176,91.8
173.3,88.6
178.9,83.6
177.1,85.5
166.4,71.3
175.6,89.2
187.1,94.5
167.4,71.8
173.6,83.7
178.9,89.8
183.1,92
182.1,90.3
167,70.9
162.3,76.3
178.6,91.4
167.1,79.2
177.4,89.3
173.6,89.7
172.1,75.1
190.6,105.6
186.4,87.4
176.7,87.2
163.9,71.3
171.6,74.2
185.7,93.1
169,77.8
187.9,94.8
180,95.1
181.8,93.6
167.2,80.4
178.5,96
156.9,67.8
190.1,99.9
181.9,87.3
170.8,74.1
180.1,90.6
190.7,99.1
185.7,101.2
179.5,98.9
170.5,77.7
170.5,66.9
176.6,77.1
165.7,73
173.8,84
174.7,80.3
172.6,85.7
175.9,72.2
173.9,85.3
166.9,68.5
176.4,78.2
168,75.5
180,84.5
167.6,85.1
164.9,74.3
173.7,89.3
176.6,86
168.8,85.7
176.5,80.4
174.6,83.5
187.4,100.4
194.3,98.8
180.9,90.3
163.8,74.6
168.9,74.1
175.8,85.1
161.4,68.2
177.1,91.9
174.3,82.4
181.5,93.7
176.6,92.5
187.3,105.1
173.4,88.5
184,90.8
179.8,88.6
178.9,85.3
175,88.3
175.9,89.5
170.9,70.9
181.5,94.2
174.9,78
181.4,98.4
178.2,86.4
179.5,93.5
174.1,91.2
181.4,93.7
165.7,72.1
179.8,94.4
177.2,85.2
162.5,76.4
178.6,89.3
178.6,93.2
171.2,74.6
170.5,75.8
173.7,76.7
176.7,83.6
158.8,76.3
176.1,83.5
169.6,78.1
191.5,99.2
178.3,86
180.6,89.2
177.3,82.4
168.8,79.6
179.6,94.7
161.6,73.8
179.2,86.8
171.2,87.4
181.4,96.8
174.2,85
181.5,92.3
179.6,86.2
181.3,89.5
179,87.7
189,102.8
161,84
173.7,77.7
171.3,79.4
179.9,89
170.5,88.3
172,83.7
174.1,81.4
174.3,87.4
179.3,89.5
170.4,74.5
165.9,75.9
177.6,84.3
173.6,88
180,93.4
193.1,106.8
172.6,80.3
177.2,90.3
176.7,91
181.8,97.1
180.2,91.5
166.2,65.4
180.3,91.9
172.7,83.4
179.1,90.5
175.5,79.9
181.9,88.4
177.5,92.3
168.8,75.6
178.5,94.1
159.1,69.3
169.2,66.3
166,71.1
181.9,95.2
176.3,83.4
177.5,91.1
166.8,74.5
163.6,70.1
174.3,85.9
176.8,80.1
171.3,78.6
173.2,84
176.7,92.4
167,82.6
185.7,91.5
169.2,80.7
175.6,91.9
167.6,84.5
170.7,84.1
166.3,79.8
185.5,95.1
173.5,81.4
168.5,75
183.8,89.9
172,83.9
179,90.8
180.8,90.5
176.2,91.8
178,91.6
176,89.5
160.8,71.2
172.4,83.2
185.9,92.1
185.8,88
180.1,88.7
183.2,97.5
183.2,83.5
180.9,87.9
168.3,77.2
183.7,93.3
172.9,75.4
181.3,90
166.9,77
170.5,72.6
183.4,93
160,67.1
176.7,82.1
178.8,98.8
172.8,85.9
177.2,79.9
157.7,59.1
167.2,72.3
179.8,87.1
176.7,82.6
171,85.4
172.2,87
169.4,73.8
176.9,89.6
164.5,82.8
187.9,90.7
172.6,83.6
169.6,75.1
175.1,80.1
194.1,103.8
175.3,81.8
186.7,102.5
176.8,86.1
183.1,91.7
179,81.2
170.3,75.8
168.1,78.3
174.5,81.6
169.3,72.6
177.4,80.9
168.3,70.1
184.9,94.7
163.8,76.9
177.2,82.4
179.5,92.5
184.1,83.7
173.2,90.6
185.4,93.7
179.2,89.2
177.9,86.2
175.3,89.3
186.8,100.8
173,81.7
173.5,80.9
181.7,92
186.4,100.2
177.4,90.1
178.2,92.4
168.4,68.1
194.3,103
180.4,84.7
169.2,77.3
167.8,82.7
179.4,85
165.6,72
169.8,79.7
187.3,100.1
177.5,88.8
176.6,85.7
169.5,69.9
175.4,81.4
174.1,78.1
178.6,86.4
182.8,94.4
180.1,87
178.7,89.5
172.2,86
174.5,94.4
175.6,85.6
172,85
181.1,98.8
181.4,91.6
180.5,92.8
164.4,65
170.6,82.6
183.6,91.7
178.4,87.5
163.7,72.1
189.1,96.8
165.9,73.9
184.8,96.2
166.9,70.4
175,88.3
185.5,95
177.4,90
177.4,81.5
182.3,87.4
169.7,81.6
172.2,86.4
175.9,89
175.1,82
175.3,84.7
168.6,76.1
168.6,81.4
175.4,82.3
166.8,73.2
159.4,67.9
169.1,73.1
170.9,85
177.4,79.8
188.5,108.2
180.9,94.8
179.7,88.4
172.4,74.3
170.5,82.8
169,79.4
170.4,82
175,78.3
182.6,94.2
179.2,88
175.8,85.2
169.8,73.1
196,103.7
173.2,80
169.7,84.8
188.1,99.1
177,83.7
179,90.4
168.2,74.7
182.5,87.7
167.6,77.6
184.6,98.7
177.3,85.3
175.4,80.8
162.2,68.9
164.9,65.9
165.2,67
174.9,83.2
177.8,80.9
159.3,69.3
170,78.8
170.9,81.7
183.2,90.9
176.8,77.2
165.6,75.6
188.2,88.4
155.2,69.3
173.5,93.6
162.4,74.7
174.2,82.2
164.9,83.9
176.9,95
180.6,89.5
159.5,67.4
179.9,91.3
176.7,90.4
170.3,85.5
171.2,80.9
176.2,78.7
189.3,99.1
169.1,78.6
170.8,84.5
167.6,74.9
170.9,92.1
172.5,73.3
167.8,74.6
167.2,77.5
175.3,77.3
178.6,87.3
169,75.5
181.5,89.1
177.9,83.3
174.3,85
175.2,80.9
187.4,100.9
175.4,86.4
185.9,92.6
174.4,87.2
164.9,81.4
167.9,87.4
172.1,77
182.4,87.5
175.8,84.2
171.2,85.5
177.5,81.5
163.5,73.7
171.4,83.2
185.7,100.4
171.8,85.7
174.1,87
179.6,97.2
173.3,82.7
172,74.4
187.2,90
174.9,85
168.8,79.8
177.7,85.6
171.6,91.1
188.7,95.2
183.1,91.6
176.7,82.9
181.9,93.5
170.5,78
173.8,77.7
198.4,116
174.4,81.1
177.9,84.5
188.8,100.2
183.5,91.7
171.9,87.6
168.7,71.3
165.3,82
175.7,93.7
172.2,81.6
173.3,88
184.3,92.4
188.1,96
186,91.2
185,96.3
173.4,76.2
178,93.9
182.2,84.3
174.4,78.4
178.3,83.8
170,82.7
171.9,85.4
172.5,76.5
170.7,78.7
170.2,80.8
167.7,79
172.2,87.1
181.5,86.7
178,86
187.3,95.4
168.6,72.3
173.2,86.1
173.4,79.9
167.5,80.4
169.9,77.3
168.1,75.3
186.2,105.3
176,93.8
182.3,90.9
161.6,74.1
183.3,85.7
182.9,94.1
173.1,78.7
175.5,86.1
170.7,77.1
161.6,72.9
182.2,95.7
179,87.9
185.1,98.6
173.1,80.2
177,92.2
160,75.1
182.3,96
181.9,91.4
180.5,91
178.1,86
178.9,93.7
174.1,78.6
181.2,100.3
170.6,77
185.7,99.7
180.1,83
182.7,89.8
186.9,98.3
177.3,92.2
179.4,84
168.4,67.3
178.5,87.2
180.3,93.7
178.6,82.5
181.6,96.5
180.3,88.9
169.4,70.4
184.6,94.1
168.9,82.5
169.1,74.4
169.5,84.1
176,80.8
173.5,80.9
167.1,73.5
178.1,98.6
175.4,86.1
180.1,89.5
169.6,80.9
174.2,80.8
180.3,83.9
160.5,69.7
177.6,100.7
172,79.6
180.6,90.2
178.1,85.9
167.1,75.4
181.6,91.9
182.2,99.9
181.5,96.8
176.2,77.7
178.2,86.9
183.2,91
181.9,94.7
175.8,78.4
180.6,85.7
170.4,85.1
193,101.8
172.7,77.2
176.2,89.5
181.4,88.6
179,90
182.5,89.1
184.7,88.6
185.2,97
182.3,91.3
189.7,103.2
171,71.2
179.2,87.2
165.6,76.9
177.1,89.6
182.2,97.9
175.2,78.6
165.2,73.9
177.9,94.6
180.4,91.6
185.1,104.2
182.7,91.9
187.9,103
166.8,75.5
180,84.9
173.1,82.1
170.6,79.5
180,89.7
162.1,75.5
170.1,75.5
178.5,84.9
178.6,84.4
179.2,93
176,85.9
188.9,95.3
169.9,84.5
187,93.7
175.5,85.8
171.6,76.5
159.8,65.4
174.9,85.1
176.8,87.8
176.6,84.1
175.5,85.4
169.7,75.4
180.6,91.8
172.1,86.9
169.1,73.5
170.4,79.8
176.7,87.7
183.6,87.4
175.8,84.4
175.3,89.8
166.2,76.1
173.9,90.7
182.8,90.7
187.3,98.5
179.2,88.1
175.3,86.4
187,107.4
174,82.2
162.8,68.8
172.6,77.4
179.9,89.5
182,90.8
171,71.9
173.3,84.6
166.3,75.6
179.6,92.9
170.6,79.2
172.1,81
173.9,84.1
183.6,88.3
166.1,72.4
166.7,73.8
176.4,81.7
172.7,78
182.1,87
187,99.6
170.9,80
183.2,97.7
174.3,88.1
165.7,75.8
168.5,75.3
178,98.3
169.3,77.7
185.3,92.8
189.9,95.1
167.3,85.1
169.2,73.7
173.3,83.6
176.9,86.8
165.7,70.8
169.1,82.2
173.4,91.6
175.3,77.2
178,87.1
180.6,81
180.6,84.3
174.1,81.9
175.3,80.7
169.9,85.1
175,89.6
173.7,88.5
168.2,83
164.3,71.2
172.7,78.3
164.4,68.1
178,92.2
168.8,74.5
183.3,84.5
164.1,71.8
189,101.5
181.1,86.2
166.1,71.7
172.9,77.6
164.3,70.6
176.8,86.9
184,103.9
169.5,74.8
174.4,80.8
176.7,90.5
184.8,95.8
176.5,92.1
176.3,84.1
167.1,67.7
182.1,97.2
168.5,72.7
168.8,81.9
179,89.4
173,84.5
167.2,75.1
175.8,91.3
185.1,91.3
172.2,86.5
177.9,87.6
181.2,96.8
181.5,95.2
175.8,82.2
172.8,77.4
182.8,104.1
181.2,90.6
183.9,91.4
153.3,60.8
179,86
182.2,87.6
179.2,84.1
185.7,93.8
157.6,79.4
175.5,80.1
181.6,95
179.3,93.3
165.2,70.2
172.5,89.1
175,79.9
179.6,90.2
164,68.1
180.3,81.3
174.7,84.8
166.1,64.7
165.6,74.2
177.6,84.1
169.9,76.6
170.8,75
174,74.6
172.1,84.4
168.6,75.1
178.3,88
174.5,87.8
179.8,92.7
190.4,100.3
168.5,78.6
167.8,77.7
169.8,77.1
183.3,92.8
173.4,86.4
176.4,81
178.9,86.1
183.9,90.5
175.8,84.3
170.4,75
178.7,80.5
183.9,85.8
179.3,93.6
171.2,90.6
186.5,102.6
170.7,79.1
188,97.7
175,79.6
162.2,76.2
172.9,84.2
172.2,81.6
176.6,86
173.7,82.7
175,82.3
177.2,88.3
166.9,79.1
168.2,82.1
159.4,74
170.5,80.6
177.5,82.3
171.9,80.7
176.8,86.7
177,80.4
171.3,72.5
173.1,85.3
179,94.7
180.3,87.1
181,99.9
174,84.6
176,89.4
164.1,63.6
174.5,81.7
173.5,79.8
166.9,76.1
172.3,69.4
171.2,73.9
167.9,74.2
171.7,86.4
168.3,86.9
172,79.5
175.4,83.5
199.3,103.1
179.4,90
178.8,87.9
172.4,80.2
180,84.1
172.5,87.4
189.8,94
173.7,81.3
192.4,102.7
180.4,84.5
179.7,92
193.8,105.9
176.8,87.1
176.7,88.4
176.7,89
167.2,71.5
172.2,83.9
173.7,81.4
164.9,71.9
173.8,82.8
184.6,93.9
167.8,73.3
155.7,68.2
173.4,72.6
191.2,101.4
168.8,82.8
169,81.3
172.1,81.2
182.3,95.6
175.3,90.9
173.5,84
187.9,97.5
174.6,88.1
186.9,94
170,76.7
176.2,88.5
170.2,83.2
183,90.8
172.4,79.6
162.4,69.8
167.9,78.2
187.5,94.7
164.5,73
170.2,85.7
180,88
171.2,76.5
170,79.4
164.3,79.9
171,76.5
173.5,88.2
187.5,103.2
168.3,80.1
172,80.4
167.3,80.8
182.4,95.9
166,70.6
172.6,87.1
190.9,97.2
161.1,74
165.4,71.1
172,74.8
183.7,91.6
176.4,89.7
164.8,80.2
170.1,85.3
169.9,82.6
173,79.7
178.8,79.9
179.1,93.6
177.2,89.7
173.8,80.3
170.9,79
173.3,79.7
171.5,81.8
189,100.1
175.3,82.5
173.6,85.1
175.3,85.4
164.7,74.7
185.6,98
181.9,95.7
178.4,86.6
180.4,89.9
176.2,85.1
162.9,71.5
179.2,92.7
161,64
181.4,94
177.5,98.9
169.9,76.9
181,86.7
186.9,90.5
173.1,91.4
186.9,97.6
177.5,78
164.8,73.3
183,95.1
171.2,74.2
171.8,80.5
176.7,90.6
168.4,81.5
174.5,80.7
179.2,82.4
168.5,73.9
173.7,80.1
183.8,101.9
170.7,87.9
171.5,74.4
174.3,86
174.1,84.4
178.6,89.2
175,88.6
176.2,90.2
184.4,91
171.6,80.9
175.9,91.7
178,83.7
176,87.8
189.7,104.4
171.6,78.4
170.3,77.7
184.8,92
173.6,92.7
170.4,76.3
188.5,89.6
154.5,62.5
176.9,90.9
172,88.1
177.3,88.2
177.8,94.4
163.7,75.5
164.6,84
176.7,89.4
172.7,88
179,92.2
188.1,94.2
182.4,89.7
170.9,83
171.7,79.1
158.2,67.8
182.8,97.6
173.8,81.6
176.7,92.2
180.6,82.9
183.2,98.1
184.3,96.9
164.4,73.5
180.2,96.3
179.7,89.7
168.5,78
179.5,92.2
169.8,74.7
178.2,87.4
181.9,94.7
178.4,89.9
172.3,76.2
183.1,95
175,79.8
177.1,89
176.1,88.4
174.1,81.1
174.3,87.6
188.2,98.8
183.8,98.4
173.8,86.2
174.3,82.2
165.2,78.7
192,98.5
178.7,90.3
186.5,99.9
186.1,94.9
166,78.3
189.7,101.9
175.1,94.2
177.1,86.7
170,79.8
187.9,96.8
179.2,82.5
184.8,95.6
176.9,86
177.2,92.6
169.3,83.7
174.9,90.7
172.5,77.5
182.8,96
191.7,98.9
161.7,72.6
175.5,83.9
180.5,88
192.3,113.2
180.7,86.8
177.6,89.5
172.2,82.8
172.7,84.2
179.7,90.1
166.7,78.3
187.6,98.8
182.4,89.5
157.9,67.1
164.6,71.7
159.4,63.6
175.3,86.7
177.1,92.6
171.6,77.7
186.1,91.8
177.2,89.8
180.1,101.9
171.5,85.5
180.5,87.1
178.8,94.3
179.8,88.8
176.4,86.4
165.3,69.2
184.5,94
175.2,80.7
169,78.7
192.6,104.8
183.6,90.2
169.8,81.9
161.7,73
173.7,85.6
176.9,91
184.7,92.2
187.3,94.4
167.5,73.7
169.2,72.6
173.9,91.2
186.6,96.1
160.5,67.4
172.6,86.8
189.8,94
164.2,78.2
180.8,83.3
171.2,81.9
171.1,77.3
179.9,91.4
174,87.1
180.7,96.1
170.7,84.3
179.6,80.3
175.7,91.2
186.6,92.2
182,91
177.7,82.7
189.7,95
172.4,76.6
182.1,85.6
183.4,88.6
173,78.9
169.1,74
178.3,82.2
194.2,108.7
168,75.3
167.4,69.4
182.5,90.9
175.6,89.6
186.3,98.6
175.4,88.3
182.5,92.3
182.5,92.7
154.4,58.2
175.4,82.3
173.5,85.7
180.3,90.1
182.7,90.2
177.7,85
182.7,92.9
180.4,88
183.6,93.4
168.3,79
173.4,83.2
183.8,99.1
171.4,79.5
179.7,93.6
182,85.9
181.7,97.2
167.8,79.6
179,90.9
180.2,98.1
169.2,72.3
165.8,76.1
177.1,82.8
182.5,96.5
170.1,76.8
175.8,79.8
165.7,79.4
184.6,82.2
184.9,85.7
169.1,81
159,65.6
172.1,74.5
173.9,79.1
172,76.9
194.6,116.1
186.9,101
171.8,76.1
177.2,91.2
166.9,77.5
174.7,78.5
179.6,85
175.8,83.9
189.6,96.6
178.7,91.6
173,76.1
180.6,95.6
177.8,93.6
165.8,71
171.9,76.9
188.1,103.6
174.6,78.1
175.9,87.3
174.8,79
172.1,81.4
181.5,87.5
179.5,88.7
173.7,85.2
181.5,92.8
176.2,96.2
189.1,95.2
183.6,89.2
185.6,94.4
173,80
171.3,85.9
179.9,88.1
170.8,80.2
180.9,95.1
167.1,71.9
163.9,77.7
171.4,81.8
181.2,95.9
173.2,86.2
171.4,80.9
166.8,74
172,70.4
158,59.3
171.3,84.7
176.7,88
177.6,92.9
174.9,90.4
180.2,87.2
181.8,94.3
168.9,73.4
175.3,86.6
172.9,77.6
178.9,85.4
180.9,91
178.3,85.5
168.9,75.1
178.8,81.1
174.9,79.3
176.7,85
175.8,91.4
182.1,93.6
174,91.1
178,102.1
180.1,90.4
170.5,77.5
171.8,79.3
180.3,97.4
169.9,79.5
173.9,84.9
168.3,74.2
167.1,71.2
163.7,72.1
167.3,70.3
177.6,80.6
175.6,89.1
179,88.1
186.7,95.1
183.7,88.4
187.3,92.5
186.8,96.2
160.3,70.3
183.6,95.1
180.6,79.2
182.9,93.4
169.4,85.9
161.5,65.7
179.6,84.8
192.2,105.3
173.1,83.1
178.4,87
181.8,88.3
182,92.7
189.7,94.3
169.7,79.1
172.8,84.1
173.3,76.3
183,92.5
169.4,74.5
165.4,82
173.3,79.2
178.5,90.1
175.2,75.7
185,92.1
179,86.4
175.9,78.2
167.9,82.1
154.9,61.2
167.9,76.9
176.1,90
179.8,87.2
164.7,73.1
170,77.1
180.8,86.9
171.9,78.6
174,82.6
170.5,85.7
172.8,80.1
180.4,98.7
166.7,76.2
174.4,80.5
183.6,92.7
177.3,98.5
168.7,77.2
171.7,78.9
180.6,85.3
167.2,78.4
174.1,84.6
177.1,93.1
183,93.3
171.8,82
177.2,86.1
170,79.5
182.1,89.2
175.3,83.3
174.3,92.1
173.3,86.4
171.3,75.5
173.1,87
180.2,87.8
179.5,88.4
180.3,96.5
189.5,113.4
165,76.4
171.2,78.9
179.5,87.8
182.1,93.9
179.5,93.4
179,90.4
173.8,81
178.9,86
182.1,90.8
172.5,75.2
160,68.7
169.7,79.4
167.7,79.2
164.9,75.4
174,88
177.9,86.1
164,67.5
184.1,101.3
177.7,86.7
176.1,78.2
176.7,86.9
177,87.1
175.8,80.6
163.7,73.8
171.3,80.7
186.7,97.4
180.3,92.7
189.7,102.3
173.2,86.3
177.4,94.3
170.7,80.4
172.3,87.4
180,99
181,87.1
189.1,99.7
176.7,83.3
179.3,83.3
172.6,83.3
183.4,97.9
172.9,80.5
174.3,79.8
174.8,90.9
172.8,82.5
187,97.8
171.1,77.6
187.6,97.1
168.5,77.1
183.3,90.1
181.4,93.3
179.5,89.8
167.2,74.8
182.3,91.7
180,91.6
177.4,85.6
178.8,90.1
179.9,78.9
169.4,83.2
167.6,83.4
174.1,77.5
173.5,83.8
173.4,76.8
168.8,89.7
163.5,67.8
174.7,79.1
184,90.8
180.2,88.1
184.2,93.8
178.8,89.6
183.7,98.3
183,99.9
177.9,79.8
175.9,86
163.5,69.9
176.5,85.5
164.1,78.2
181.4,95.4
174.6,79.5
171.5,71.6
176.4,91.8
169,79.9
172.9,80.9
172.8,79
168.1,75.6
179.8,89
173.3,87.5
179.6,90.7
182.6,98
181,95.2
165.4,74.5
168.9,78.6
182.9,92
173.6,81.6
177.6,82.4
185.9,91.3
174.4,78.3
177.3,83.6
166.2,76
174.7,79.8
168.3,71.8
183.9,90.5
172.8,79.1
182.3,96
180.1,89.3
184.6,100.2
180.6,94.2
178,100
181.9,95.3
193,102.7
181.1,90.4
170,72.8
180.6,92.1
179.3,88.7
174,83.3
162.2,67.1
174.8,83.8
170.4,84.9
168.5,74.3
177.9,91.1
166.7,77.2
170.8,84.5
181.1,92.1
176.4,92.1
175,89
176.8,81.9
175.6,85.6
174.3,85.2
164.6,72.1
170,77.6
175.1,84.3
162.6,71.6
170,68.6
177.2,88.6
180.6,85.6
185.5,99.2
188.8,93.4
178.3,86.1
181.7,96.3
175,77.9
171.9,81.3
182.1,96.2
174.7,89.7
169.4,79.3
185.6,88.7
186.8,93.5
182.4,90.3
194.2,111.7
180.2,96.7
184,104.4
183.1,96.5
173.3,87.3
172.1,78.1
156.9,61.5
174.5,88.5
181.6,97.5
182,93.9
182.2,89.9
183.3,94.3
178.9,83.1
173.4,84.2
169.7,74.9
171.3,72.6
177.2,85.3
171.3,79.1
166.9,76.3
157,61.6
187,99.8
163,77
176.1,87.7
178.8,88.6
160.2,71.4
172,77.2
196.7,105.5
177,80.6
180.8,84
172.7,83.9
175.2,83.5
190.1,102.2
167,67.2
171.3,73.9
167.4,79.6
171.9,78
177,82.5
181.2,87.5
181.2,88.9
165.8,74.4
181.7,92.4
170.3,81
162.3,63.7
180.8,88
173.5,82.7
174.7,81.2
152.4,51.2
173.6,85.6
173.4,77.7
190.5,100.4
173.9,90.4
165.1,72.2
179.6,94.9
189.1,103.6
158.2,70
169.9,74.6
178.3,88.8
180.5,83.3
193.3,109.2
181,93.1
176.1,89.5
172.8,80.3
176,78.2
186.7,99.2
168.5,75.8
182.6,95.9
171,78
175,82.7
179.8,88.3
177.8,87.2
171.9,77.9
175.7,86.6
175.8,93.3
172.7,80.6
168.6,69.5
171.9,79.3
172.2,90
169.8,85.9
180,90.6
183.5,92.2
171.7,81.8
177,89.4
172.9,85.4
160.3,72.9
179.1,84.9
188.7,103.9
169,75.8
179,82.9
171.8,82.8
173.5,83.1
191.9,103.4
166.3,74.6
181.3,97.5
183.3,92.5
171.2,75.5
161.8,69.2
183.1,95.3
166.4,78.6
162.6,68.6
169.3,82.9
184.4,98.2
170.2,89.7
177,87.3
165.3,79.3
175.8,85.8
170.8,85.3
178.3,87.5
170.6,84.8
176.4,88.7
179.6,83.9
165.2,68.3
173.7,85.5
168.7,87.8
180.6,91.9
178.9,84.6
172.1,85.5
174.8,89.6
184.6,99.7
200.7,122.5
170.6,80
169.5,75.4
170.3,72.6
188,103.4
165.6,70.2
171.5,75.8
172.1,77.2
176.2,80.6
176.4,80.9
165.1,68.5
172.8,79.6
183.8,88.5
178.1,92.1
172.7,69.2
170.3,85.5
185.8,96.8
179.3,88.4
175.7,80.6
187.9,98.7
176.4,90.2
176.5,83.1
181.7,99
183.6,94.1
172.2,79
172.2,82.6
180.4,97.3
173.7,76.9
174.7,86.9
180.9,91.1
171.3,79.3
169.8,76.8
168.1,77.8
169.9,76.4
174.2,81.2
162.5,71.8
168.9,76.9
167.3,76.1
175.8,85.7
186.7,96.6
165.6,66.8
178.7,97.2
177.2,88.9
179.5,90.5
172.5,83.3
182.6,96.1
180.7,79.6
170.4,82.3
172.8,77
172.6,88.4
169.9,84.8
178.8,93.8
186.9,99.5
167.1,70.3
179.2,81.9
172.9,85
196.8,114.6
183.9,95
166.2,80.9
167.4,76.3
192.1,109.4
176.9,88.5
177.1,93.1
175.3,80.6
175.3,94.6
174.5,83.6
178.9,84
172.4,76.8
181.7,88.1
172.3,75.4
178.5,85.8
179.9,89.8
175.7,86.5
188.3,95.8
176.3,87.4
184.4,93
176.1,81.8
163.2,73.2
158.5,73.7
168.2,71.1
163.2,61.3
183.1,95.5
178.4,92
167.2,76.4
191,103.2
186.6,101.2
169.2,79.3
170.6,87.7
172.7,85.3
162.9,69.3
178.2,85.8
176.6,78.9
181.9,92.8
173.4,82.6
189.4,95.6
184.5,94.4
185.4,91.5
182.8,94.7
176,86.2
171.1,80.5
170.9,81.2
178,75.9
163.4,79.7
177.5,88.8
162.5,70.3
169.4,84.1
184,91.5
177,96
171.8,75.4
173.8,85.7
183.1,90.9
178.4,87.5
181.3,93.2
180.6,91.6
176.2,89
178.1,87.4
170.9,79.4
179.7,91.2
168.6,75.5
170.8,80.4
173.4,78.1
173.2,81.1
171.9,83.3
168.8,76.6
194.5,104.3
175.2,85.1
184,89.2
172.8,92.2
169.5,82.5
179.5,84.3
181.5,86.4
181.8,94.3
171.3,82.2
176.6,91
179.7,85.6
171.7,67.8
180.9,93.2
176.7,97.3
186.3,98.3
186.7,101.3
176.3,84.9
182.3,100.6
171.7,76.6
171.9,81.3
174.2,82.6
181.2,94.5
172.6,94.2
171.3,78.6
177.8,96.2
174,85.2
169.4,72
173.9,84.3
187.9,91
186.3,101.1
184.3,94.6
171.9,87.8
177.6,92.6
165.9,74
173.1,89.4
175.9,93.8
177.9,89.7
175.3,79.1
175.6,79.8
169.6,80.1
176.4,88.4
181.5,95.1
178.7,85.2
183.1,99.5
175.9,79.9
169.4,74.4
172.9,80.3
161.1,70.8
171.3,80.3
179.1,86.8
174.4,83.6
170.5,77.1
176.6,79
152.2,64.2
172.8,72.6
171.8,87.9
177,98.3
171.1,86
170.8,82.4
181.3,93.4
174.5,84.7
161,69
183.4,90
177.6,84.3
163.8,75.6
181.8,87.4
177.1,91.2
177.7,85.6
183.5,85.1
182.4,92.7
170.1,86.4
173.4,89.3
170.3,79.6
167,80.8
175.6,81.2
180.8,92.2
173.3,79.1
176.5,93.8
173.1,82.2
161.2,75.2
171.5,79.9
167.5,72.8
182.6,92.2
164.6,75.1
182.2,92.4
166.9,78.5
185.1,98
178.4,84.3
166.5,73.7
171.4,81.1
164.6,75.6
176.8,78.9
171.9,82.6
182.6,96.6
168.8,79.3
173,84.6
165.3,75
185.6,93.8
169.3,78.4
170,83
176.8,83.6
175.5,83.2
166.3,79.2
164.4,68.3
175.3,83.4
159.9,69.9
172.7,84.5
171.5,81.7
165.6,70.9
177.2,77
190.2,107.2
171.9,77
179,85.6
163.8,72.3
189,96.5
165.3,75.2
181.4,85.8
182,83.9
170.2,86.4
176.1,82.5
174.1,82.2
184.4,100.3
173.3,84.7
180.7,86.8
173.5,83.3
179.3,96.6
175.3,83.3
173.4,84.5
180.8,90.9
178.6,90.3
157.8,66.1
175.7,81.1
163.2,71.7
176.6,87.4
186.9,97.9
186.4,94.9
168.1,79
182.5,90
174.2,85
169.2,75.6
178.5,87.4
178.8,86.6
186.7,95.2
163.5,79.4
172.2,82.6
182.5,91.7
175,87.4
172.9,79.9
162,73
169.9,86.7
174.7,85.1
172.2,71.8
160.7,65
171.1,84.7
162.7,75.6
188,98.8
181.1,90.2
178.8,93.6
176.7,85
158.4,63.1
181.2,94.9
180,90.5
161.9,71
169.4,81.3
170.3,77
184.8,86.3
161.2,64
180.8,83.9
163.7,71.4
168.7,80.4
170.7,76.6
181,93.1
168.9,77.6
182.2,91.7
172.7,83.6
171.7,82
172.8,73.5
165,74.9
174.1,85
172.6,81.1
195.1,103.1
167,74
178.7,84
173.5,84.4
176.5,85.2
181.6,87.5
155.5,69.6
177.9,89.5
193,104.9
167,66.2
171.1,90.2
178.8,92.3
168.6,73.5
172.4,87
192.3,106.7
156.1,61.5
150.8,61.9
168.6,84.4
180.6,89.8
176.7,87.3
170.9,82.8
187,102.2
179,85.1
165.4,62.9
173.6,80
164.7,71.5
180.7,87.2
159.5,69.6
166.6,69.4
185.3,91.9
167.8,77.5
178.7,93.5
164.9,60.6
167.3,79.2
164.1,69.5
170.1,78.8
177.8,89
165.4,67.6
170.8,82.4
182.8,86.6
174,87.2
180.2,91.6
164.3,72.9
175.5,79.1
170.3,78.8
170.5,80.7
177.1,90.7
175,82
178.4,85.9
158.3,67.8
179,83.9
161.8,63.2
186.6,90.7
182,90.3
178.2,82.9
169.3,70.7
179.7,89.7
173.1,87.6
175.1,80.9
180.6,87.9
174.9,80.9
181.2,83.7
188.8,94.9
176.1,81.2
180.6,93.5
181.6,93.4
181.8,90.9
178.7,88.1
168.7,75.3
189.3,91.6
183.5,93.5
185.7,94
176.7,82.2
184.6,100.6
166.9,72.7
172.7,79.4
178.3,87.5
179.9,96.9
167.8,81.5
169.1,70.1
189.3,98.2
161.9,73.6
177.5,84.8
192.7,103.1
173.7,84.1
180.4,94.1
173.4,83.9
183.9,97.8
170.6,71.9
176.2,88.2
173.9,83
173.8,89
175.2,81.8
179.4,84.1
165.2,77.4
185.5,93.1
174.5,82.8
175.1,90.7
190.9,100.4
160.4,54.1
163.8,77
175.7,82.5
170.5,80.9
164,80.2
177.8,87.9
170.9,70.2
171.6,76
177.9,90.1
170.9,90.3
172,79.5
181,89
180.3,86.7
169.7,78.6
168.6,78.4
186.7,95.4
176.2,83.4
174.6,78.9
181.7,94
185.6,94.2
176.5,85
170.9,86.3
175.3,90.1
185.1,100.2
179.6,91.7
175.2,82.3
179,91
175.3,86.6
168.8,73.9
174.9,80.3
173.8,81.8
188.6,105.3
175.4,90.2
186.4,94.4
178.5,84.2
188.8,95.3
172,89.3
168.8,73.8
175.4,92.7
172.8,78.2
174.7,94.9
180.1,91.4
180,91.4
175.8,76.1
173.8,86.6
173.4,81.3
183.5,92.3
180,89
174.7,85.3
174.9,76.4
169.5,77.4
156.7,65.7
160.9,62.7
164.9,67.5
185.3,92.6
178,93.2
167.7,76.7
169.4,79.2
158.5,65.6
176.8,88.2
185.6,104.6
179.4,87.8
183.8,90.4
175.9,80.9
168.2,76
164.1,68
173.7,74.8
175,87.3
165.2,79.1
181.7,94
185.6,88.9
166,69.9
177.3,82.3
182.6,92.3
177.5,88.2
175.9,89.5
174.2,87.4
188.3,96.3
171.5,85.7
184.9,98.5
175,83.7
174.6,88.8
173.5,77
155.1,55.6
176.7,75.2
180.8,90.1
182.3,82.6
173.1,77.3
164.8,71.3
168.8,80.1
170.6,74.9
158.9,74.4
177.9,80.1
176.1,80.5
166.6,66.4
175.5,85.4
164.8,73.6
179.6,92
161.9,66.3
167.9,77.2
164,74.8
182.9,85.5
185.6,92.4
167.7,72.7
179.8,87.1
165.6,80.3
168.3,73.3
167.6,83.2
171.5,71.7
168.4,73.7
153.1,57.4
174.5,77.6
169.5,82.3
170.9,84
169.1,74.8
171.5,78.7
175.6,82.9
176.3,88.1
181.9,94.5
178.6,89.2
173.7,89.7
172.2,86.9
179,78.9
189.8,97.6
170.5,84.9
171.8,88.2
175.4,87.7
176.4,85.2
166.4,80.9
181.5,79.1
171.3,80.1
184,96.8
183.1,87.5
181.2,88.2
176,78.6
179.8,85.6
166.1,65.1
159.5,62.3
173.4,83.2
167.9,83
175.4,86.9
180.9,89.8
171.7,78.8
166.1,76
181,94.9
184,92.8
180,90.7
178.2,87.2
183.2,91.1
177.9,91.4
178.4,85.1
176.4,83.7
173.9,87
184.6,88.1
178.2,94.2
186.5,99.2
177.5,90.8
185.9,101.3
173.8,83.5
178.1,95.2
174.2,89.1
164,72.6
164.9,72.2
176.9,86
176.7,90.4
177.9,82.2
170.6,81
179.5,85.8
172.7,82.2
175.6,81.2
172.8,78.6
169.5,87.9
178.9,88.4
176.3,86.2
177.7,85.4
174.6,85.6
165.7,70.4
171.5,78
164.7,70.1
175.5,86.7
175.2,82.6
166.5,79.8
167,76.1
171.6,70.8
164.7,66.7
168.1,71
180.8,87.9
179,97.7
172.7,81.4
183.7,92.2
190,105.3
188,94.2
178.4,83.6
174.1,78.3
166.1,71.2
170.9,84.3
167.4,79.5
188.3,98.6
174,87.9
181.5,81.4
175.9,79.5
166.4,77.5
169.7,80.2
182.4,93.4
172.9,77.9
178.3,84.2
195.2,96
161.9,75.3
160.6,78
170.6,71.8
175.1,82.5
178.9,98.1
178.1,80.1
173.3,84.5
165.3,79.2
164.2,61.6
173.7,86.6
167,74.4
182.7,94.4
169.4,78.9
173.4,83.8
185.4,99.1
173.1,79.4
174.3,84.8
166.4,72.5
181.4,93.3
188.3,99.4
166.6,74.9
185.5,89.2
180.5,85.9
166.8,77.1
176.7,82.9
191.2,103.2
182.7,92.5
186.8,97.2
166.1,80.9
172.5,80.8
172.5,81.3
169.3,83.1
185.9,94.7
178.1,87.1
184.7,96.9
175.2,79.6
176.5,83.1
157.9,69.3
172.8,82.9
166.6,77.7
178.6,84.2
184.2,92.8
180.7,86.6
172.7,88.3
185.4,91.7
172,82.7
174,85.3
168.5,77.9
173.2,78.5
182.6,95.7
182.3,91.1
180.7,95.3
167.9,79.7
179.9,84.6
181.1,93.5
177.3,84.7
166.4,79.6
174.1,86.7
183.6,95.9
161.5,64.5
180.5,93.4
166.8,74
165.6,68.9
164.7,64.7
177.7,84.6
171.1,77.1
160.6,74.6
178.8,81.8
181.9,87.6
170.4,80
162.5,72.6
171.6,81.8
165.6,84.1
182.3,93.1
183.1,93.5
183.8,95.3
185.7,97.8
177.6,82.4
164,73.4
178.7,89.7
174.1,81.5
172.2,84.4
184.5,87.2
170.7,81.3
192.9,107.8
162.4,69.2
175.3,89.1
165,78.3
183,91.8
170.1,87.9
178.5,84.8
170.7,81.5
167.4,76
187.2,105.6
172.7,77.9
166.7,81.6
167.2,74.2
182.2,86.6
186.7,93.2
162.6,66.8
173.4,90.5
188.8,100
177.3,93.6
181.4,94.9
186.2,103.7
183.1,93.2
162.3,76.1
183.5,87.8
179.3,85.5
180,97.5
182.8,90
173.1,80.8
175.1,86
168.4,81.7
165.8,68
173.9,82.1
166.7,77.2
174.9,81.1
173.9,82.3
176.1,88.1
179,92.2
184.6,99.4
176.1,82.5
174.2,84.4
181.9,91.5
175,79.6
184.6,85.5
181.3,98.6
178.5,96
179.6,89.4
174,84.7
156.8,63.5
174.7,85.1
186.9,93.1
169.1,81.3
178.6,94.6
184.3,96.1
187.2,103.6
173.1,77.5
173.9,84.5
187.6,104
169.3,80.2
189,109.3
172.1,78.3
162.7,70.5
169.3,77.3
176.2,88.3
177.8,86.2
189.5,103
173.9,79.7
176.7,84.8
170.3,83
180.9,88.4
170.4,75.9
185.7,94.6
168.8,77.1
172.2,74.5
178.7,88.9
180.7,93.3
183.6,96.2
175.1,87.9
170.5,74.9
177.7,86.1
174.2,85.8
173,77.1
192.7,101.7
182.9,95.7
173.9,84.2
184.1,94.5
172.1,75.5
177.9,79.1
183.4,98.1
176.8,85.2
180.5,91.1
179.9,82.4
172.9,85.9
186.4,92.3
191.4,99.1
183.5,93.1
168.1,80
156.7,71
182.6,90.6
158.7,67.5
172.6,84.6
177,91.4
159.9,68.3
181.3,89.6
171,85.1
172.2,87.2
175.7,79.5
174.9,91.5
170.4,92.3
171,85
171.5,79.1
174.2,81.6
181.8,89.8
186,95.5
176.4,76.9
181.9,99.9
167.1,77.7
184.8,94.5
170.8,80.8
180,87.2
177.7,85.7
167.3,80.8
180,83.7
181.9,89.8
177.9,83.8
171.5,79.8
165.5,63.7
175.3,85.1
179.9,83.7
180,86.5
172.9,80.3
177.4,84.5
161.3,72.8
169.2,74.4
180,87
171.1,82.3
178.9,102.4
176.3,89
174.9,84.8
181.2,89.2
191.2,99.4
173.5,79
169.6,72
179.2,84.4
170.2,72.5
171.7,81.1
184.9,91.3
183.8,79.5
179.4,86.1
174.1,86.3
173.1,87.3
161,62
161.7,73.3
176.7,88.6
175.5,88.3
180.2,81
178.7,89
175.9,81.4
175.1,85.1
184,92.9
173.8,88.3
181.9,89.2
185.3,91
174.6,84.6
179.3,90.9
179.2,95.1
155.3,57.1
179.9,92.8
172.3,87.3
183.8,101.9
178,90.1
166.4,73.8
176.2,85
178.9,85.6
175.7,91
175.5,88.1
166.7,85.4
178.4,79.9
188.6,99.1
186.5,101.2
175.1,81.9
176,86.8
182.8,95.5
175.9,89.1
176.1,93.5
164,76
176.8,85.1
182.8,92.1
181.3,93.2
175,84.7
179.4,94.1
181.8,91.4
182.5,92
162.9,69.8
172.9,73.7
180.8,87.5
173.4,84.5
173.1,81.3
168.3,72.1
164.5,80.4
164.1,73.3
171.2,72
183.2,83.8
173.1,75.9
176.7,84.8
182.4,89
172.9,78.3
174,93.4
175.9,87.1
159.5,63.2
162,76.7
181.5,85.8
178.7,91.4
178.9,88
173.7,76.3
180.2,84.4
180.6,93.7
178.1,84.4
154.8,63.6
182.1,90.7
180.7,89.5
180.7,94.2
178.9,82.9
183.8,98
172.5,76.1
172,81.7
182.3,86.4
184.9,89.1
178.8,85.5
185.8,98.5
178.9,89.4
174,80.2
158.7,65.5
176.1,99.3
182.7,92.5
183,93.4
184.7,92.7
172.5,80.9
177.5,90.8
173.5,78.8
182.1,92.1
166.5,66.2
164.6,75.4
174.5,90.9
191.6,100.8
179.3,98.7
180.4,88.6
171.1,80.8
170.6,84.5
184.4,92.7
172,77.9
182.3,90.8
154.8,69.1
173.4,82.3
174.4,79.8
172.3,84.2
183.9,93.7
176.2,85
176.6,90.8
170.1,81.9
172.9,85.2
187.6,93.2
178.9,90.3
173.6,85.2
190.9,113.5
167.9,83.5
172.1,84.9
153.1,60.3
179.8,87.9
165.4,75.2
168.2,81.9
175.3,87
170.5,84.3
176.5,94.9
177.1,83.3
173.5,92.2
180.5,86.6
172.6,86.6
167.1,77.2
179.2,88.5
174.9,89.2
171.7,75.3
162,71.4
177.1,91.4
176.7,85.4
177.8,83.5
173,74.3
183.1,94
185.6,95.8
187.7,93.7
170.2,77.8
167,75.6
162.2,71.4
172.2,86.1
172.8,82.9
169,74.7
176.2,91.1
167.3,79.1
173.6,88.2
191.9,96.2
172.2,85
172.4,79.7
168.9,73.8
165,73.9
176.2,81.9
172.6,83.9
171.3,77.3
176.9,86.3
184,94.9
171.3,82.8
177.7,89.1
182.1,97.9
165.1,76.8
153,66.7
181.4,87.3
175,92
187,95.9
174.5,82.1
188.8,95.3
171.1,79.2
173.6,85.8
177,85.3
174.9,69.6
169,81.2
175.2,84.4
171,80.8
165,74.5
181.3,96.4
174.6,79.2
177.6,89.1
187.9,98.4
175.4,83.3
174.6,88.5
172.6,75.4
167.1,81.2
164,71.2
179,87.1
181.2,90
180.3,83.1
165.7,71.9
176.5,84.6
178.3,89.9
174,83.8
175.7,75.4
179.2,86
176.3,90.4
177.2,86.9
171.4,82.4
163.7,75.6
169.9,87.1
178.2,90.8
169.4,77.4
156.5,62
173.1,88.1
175.8,99
178,88.8
177.5,82.4
175.3,82
179.6,93.2
175.5,83.2
173.8,83.5
178.1,87.1
183.4,87.9
182,91
174.4,80.9
168.6,74.3
175.4,93.9
174.9,84.2
183.6,97
166.3,78.2
179.4,95.6
182.8,95.2
180.5,97.6
177.2,87.1
176.4,90.8
183.7,90.6
167.2,86.9
167.4,76.1
179.4,92.9
165.7,75.9
178.3,97.1
162.7,66.8
169.7,80.8
188.2,109.2
175.3,95.8
177.8,89.1
171.4,77.3
189.1,96.9
178.1,81.8
174.7,81.6
172,80.9
179.9,91.3
178.6,86.4
176.5,87
180.3,88.1
162.9,72.4
179.5,91.5
176.5,84.2
174,82.7
170,80.6
169.8,81.8
177.4,83.4
169.4,71.5
179.2,93.1
163.4,74.4
165.1,65.6
173,80.7
182.8,94.2
174.6,83.7
180.2,85.6
180.1,87.7
182.5,94.7
166.9,73.6
174,87.8
178.1,82.7
169.8,75.5
184,92.1
180.1,88.3
173.5,77.7
181.9,91.3
175,87.2
176.2,88.2
177.9,90.5
174.4,84.4
168.8,82
178.6,96.8
183.8,91.6
178.8,86.1
165.1,71.5
173.1,80.3
177.6,93.9
186.5,94.7
161.8,71.1
158.1,58.6
183.4,91.7
188.6,100.8
178.1,98.4
183.4,91.6
173,79.4
172.8,84.4
181.4,85.7
185.1,99.3
176.9,87.5
171.9,85.4
171.2,81.7
161.1,68.4
165.6,79.3
176.4,87.5
175.1,84.7
175.8,85.3
175.1,78.2
171.3,88.5
166.1,69.1
176.9,79
164.6,71.2
174.9,87.1
170.4,82.6
170.3,76.2
170.9,86.1
179.2,88.1
166.1,79.9
170.5,72.3
169.8,78.7
182.8,93.2
162.7,74
156.5,67.1
180.2,91.7
170,75.7
175.8,76.4
171.1,85.6
181.7,96.1
182.6,92.5
187,98.2
162.8,73.4
180.2,88.5
178.5,92.3
171.3,77.7
176.5,84.9
174.6,86.1
180.1,90.9
169.3,71.4
172.2,78.8
173.9,83.2
176.6,87.6
177.2,85.7
168.9,79.8
184.7,99.4
181.6,86.2
181.5,89.8
164.2,74.9
177,84.5
177.8,85.1
170.3,71.4
177.5,84.2
166,71.7
163.7,62.6
173.4,82.3
177.6,80.5
173.7,86.9
171.5,83
182.6,87.6
183,82.2
174.5,81
174.5,85
171.6,87.5
176.6,85.9
183.4,88.4
181.1,89.3
176.9,79.6
175.8,89
170.7,84.9
183.3,90.3
176.9,93.4
172.5,83.6
164.5,72.2
175.3,82
176.2,87.4
160.1,73.8
177.2,89.6
178.4,88.5
164.9,66.1
193.7,112.2
168.8,75.3
173.8,81.4
182.3,90.6
171.2,90.1
178,89
184.7,93.6
179.2,86.3
163.8,74.7
173.8,86
171.2,81.5
177.2,85.7
169.7,81.4
176.3,92.8
178.9,86.6
159.2,69.8
180.9,95.3
165.2,76.5
176.7,93.7
187.4,96.1
172.9,80.5
181.5,87.5
172.8,80.8
172.1,72.2
173.2,77.4
185.4,93.3
177.6,83.1
173.2,85.4
174.7,87.3
171.6,84.4
179.9,83.7
187.2,95.8
159.9,66.1
166.3,73.2
184.8,95.8
174.9,82.4
171.4,73.7
155.8,63.4
186.3,96.3
165.5,71.5
182.8,100.1
180,84.1
171.8,82.5
173.6,82.9
178.7,95.9
179,89.5
172.2,82.8
184,92.3
178.9,87.7
180.5,96.2
176.8,84.5
166.8,84.5
178.9,78.9
176.7,82
172.9,83.2
184.4,90.3
180.2,89.2
199.5,115.2
169.6,71.2
175.9,89.6
172,80
183.2,92.8
172.2,80.6
181.5,91
167.8,77.2
171.9,84
169.5,77.8
176.7,79.9
165.4,70.9
171.3,76.4
177.3,92.2
186.5,100.8
168.2,74.2
177.7,81.9
182.5,85.7
185.9,100.1
187.6,103.5
171,74.1
181.7,88
181.2,95.4
173.2,82.1
164.3,70.7
190.1,96.8
172.4,73.9
176.2,84.3
180.2,89.2
175.8,86.9
175.9,78.2
174.8,86.5
170,79
177.6,88.3
175.6,87.2
182.5,89.1
188.1,97.2
169.4,79.3
157.2,63.9
170.8,75.6
160,71.8
183.1,92
190.2,95.8
179.5,84.3
167,81.4
184.8,90.9
171.8,74.7
154.2,56.1
162.2,69.2
162,72.9
183.8,94.1
178.8,91.1
174.3,88
168.7,76.3
168.5,78.4
178.7,82.9
171.5,84.1
176.7,89.1
167.7,76.6
174,83.3
180.9,89.8
172.4,80.4
169.9,78.5
167.5,84.3
177.9,82.8
173.5,78
177.8,83.6
175.7,78.9
177.2,92.3
172.9,77.2
176.8,82.4
177.2,81.7
177.4,88.9
181.1,87.5
166,72.1
171,85.8
177.4,87.1
174.7,85.2
178.5,85.7
173.1,90.7
174.7,85.1
166.4,73.4
177.8,84.2
183.7,96.1
184.6,84.5
175.5,83.6
177.9,93.4
171.8,81.2
180.7,88.2
165.3,80.6
184.3,90.3
167.4,67.3
183.8,92.1
161.4,71.1
183.7,95
173.9,87.3
172.1,80
170.9,75.7
162.7,66.2
176.6,85.1
178.1,91.6
169.6,73.3
172.6,76.7
169.5,83.3
181.4,89.7
181.4,95.8
176.1,89
180.3,90.6
173.2,81.2
174.7,77.3
158.6,68.4
166.5,76.3
181.4,83.6
175.5,90
168.1,80.1
180.7,93.3
165,75.6
173.1,89.6
159.2,75.3
163.9,71
176.3,81
168.1,85
178.3,83
180.3,83.3
177.2,81
175.2,88.6
172.7,85.1
175.6,86.5
175.7,79.1
172.5,78.9
171.9,80.3
184,85.8
169,81.8
171.2,84.2
182.4,93.4
166.5,78.4
173.4,84.7
187.1,101.3
172.6,82.7
171.3,85.5
182.9,96.6
178.8,90.7
172.7,82.5
181.8,87.6
173.5,83.7
176.8,89.5
178,89.2
177.1,83.5
177.1,80.3
166.2,86.2
173.5,81
170.6,78.2
182.1,91.1
171.2,79.2
182,91.1
177.1,82.5
170.6,77.2
178.9,84.7
179.8,90.9
173.3,76.2
177,87
179.6,83.8
177.2,83.8
172.6,75.5
183.6,94.2
191.6,104.8
174.2,82.3
182.1,87.7
174.7,80.4
177.4,86.3
183.9,103.5
178.6,87.5
183.2,92.1
164.3,78.7
172.7,75.8
171.2,74.8
178,84.8
173.8,83.6
168.5,80
185.4,87.6
173.2,91.1
170.6,82.5
181.5,91.4
177.8,81.5
189,103.3
181.5,95.6
162.7,70
166.5,73.9
171.6,88.8
163.1,69.3
184.3,90.1
171.4,76
169.4,80.4
176.2,90
184.4,85.8
178.5,88.9
182.1,97.4
181.2,93.4
169.5,77.1
186.5,99.2
182.4,94.9
174.8,78.1
190.4,107.8
160.7,74.6
180,86.4
175.6,82.4
170.9,77.8
177.5,86.2
187.1,100.9
166.4,83.7
174,86.8
176,84.2
179.2,95.3
187.7,91.8
171.2,65.4
184.8,84.9
183.3,98.7
175.2,83
169.3,79.5
180,82.5
179.8,92.2
178,85.4
170.4,74.6
167.8,69.4
180,99.7
180.3,84.3
174.6,86.9
177.2,89.2
171.2,83.3
170.7,80.3
170.4,80.4
181.1,85.3
158.7,66.2
176.6,82.9
178,78.8
180.7,88.2
169.9,78.7
165.1,68.7
177.9,89.9
168,91.7
186.1,93.2
175.8,84
182.1,89.5
172,76.6
178.9,91.5
186.8,91.8
192.6,104.5
181.3,97.2
173.1,87.2
170.5,82
177.9,84.6
166.2,78
181.8,92.2
182.1,92.3
166.1,73
177.2,84.9
188.5,99.7
167.3,79.3
185.2,95.1
178.7,93.7
168.3,81
167.9,75.5
155.7,68
187.9,97.2
182.8,96.9
188.3,92.7
181.9,94.4
175.6,93.8
167,73.1
182.6,90.9
169.5,76.1
170.9,83.5
182.4,93.3
164.6,78.9
178,80.1
160.6,72.2
173.3,78.6
175.2,88.5
182,96.7
175.9,83.8
180.1,93.2
168.4,86.8
180.4,94
168.2,76.8
169.1,79.4
164.8,74.4
174.2,90.5
175.1,80.8
183.5,87.8
183.2,95.7
173.7,83.7
178.4,94.4
184.3,97.7
179.3,89.7
177.6,89.4
177,86.2
171.6,77.1
168.8,74.1
168,76.3
182.4,86.3
194.2,96.9
161.6,72
176,80.7
185,95.5
170.3,79.4
175.6,84.8
171.2,74.5
175.2,84.4
181.5,89
170.6,79.1
170.4,80.2
188.3,102
175,96.7
177.7,88.6
164.4,77.7
161.4,69.9
168.5,81.5
175.2,90.6
165.1,69.7
177.1,84
166.1,77.6
165.7,73.4
168.8,84.4
184.3,101.9
161.6,70.5
173.7,84.2
175.2,86.8
175.1,78
165.7,80.3
181.9,88.2
184.1,103.8
176.7,79.6
173.7,92
172.5,80.1
182.5,96.7
176.6,80.4
176.9,96.1
180.1,88.8
175,87
175.1,75.9
185.6,95.3
178.3,96.9
172.2,77.7
177.6,96
172.4,85.6
170.9,84.8
174.1,87.3
173.4,87.8
168.8,80.9
181.8,80.7
176.7,76.5
172.9,82.7
177.7,89.8
169.7,85.8
184,95.6
175.7,89.2
176.1,82.6
177.7,78.4
178.3,88.1
189.5,103.3
170,74.5
178.7,86.6
165.7,76
168.8,84.2
177,82.2
183.4,96.2
177.1,82.2
183.3,87
184.8,93.8
184.9,90
169,75
171.3,79.1
189.4,106.5
178.1,84.7
179,89.1
186.4,101.8
172.2,77.3
168.6,76.2
171.8,86.5
158.9,60
175.4,86.3
172.1,78.3
173.4,80.6
183.8,96.7
195.6,114
171.4,85.7
170.4,82.7
182.4,98.6
172.4,78.7
165.7,75.3
176.2,95.5
178.3,90.1
167.5,72.2
168.1,79.8
168.5,75.2
177.2,82.2
174.6,83.1
170.2,74.8
174.6,83.2
170.1,75.5
162.4,72.1
178,89.4
184.2,93.2
181.4,90.5
168.3,81.3
173,82.9
176.4,90.9
172.5,79.1
183.4,98.9
181.5,92
187.4,101.9
178.8,79.7
183.9,98.8
175.9,80.9
176.9,93.1
166.5,72
176.5,93.8
172.4,92.3
172.5,83.2
171.5,75.5
179.6,82.6
175,77.4
181.4,91.9
170.2,85.2
166.2,71.3
179,87.4
173.3,82.4
180.8,94.9
163.7,76.6
167,78.9
173.2,75.5
178.5,83.4
186.4,101.9
187.2,99.1
182.5,96.9
187.6,94.5
189.4,96.7
177.9,88.4
181.9,87.7
175.1,84.6
170.6,79.9
179.1,97.2
170.4,69.5
172.9,76.4
176.7,79.3
171,78.5
177,86
171.1,84.9
171.7,81.2
174,82.3
175,87.3
181.4,89.1
177.9,81.8
182.1,96
165.1,73.5
175.7,87.6
169.1,83.8
164.1,74.2
172.4,84.6
177.4,91.6
170,82.9
175.2,83.1
175.6,91.7
168.4,76.4
179.2,96.4
179.3,89.9
162.4,70
179.2,83.6
184.6,102
184,91.1
160.5,65.7
170.1,78.4
199.7,111.5
174.1,88.1
165.3,67.7
183,93.9
172.6,86.3
181.2,94.3
178.9,91.1
187.2,100.1
162,72.3
169.6,82.5
178.7,84.3
182.7,90.1
183.9,95.4
172.2,81.7
179.3,87.3
181.5,91.6
172.5,80.4
190.5,103
172.4,91.8
171.3,76
186.1,98.6
163.1,79.3
185.5,96.3
174.6,90.6
179.1,92.5
175.7,70.5
178.5,87.4
177.3,90.6
180.8,93.3
166.3,78.8
170.3,85.3
178.3,90.6
175.6,87.3
163.2,69.5
180.7,89
161.6,76.6
176.4,97.3
175.1,80.3
176.2,82.6
175,80.4
173.3,80.1
186.3,91.7
177.8,91.3
188.7,95.4
183.4,99
175.3,84.3
182.8,94.3
176.3,88.6
159.9,70.1
160.5,63.5
172.1,89.8
185.5,96
168.6,83.1
169.7,82.9
167.6,80.4
171.6,72.4
162.7,71.1
175.2,74.7
172.7,80.6
194.9,107.1
180.3,89.5
178.6,89
177.5,90.9
187.3,97.6
183,94.7
167.9,84.8
169.6,81
181.5,95.3
169.3,70.7
182.5,92.4
187,94.2
175,91.6
184.8,96
188.5,102.2
184.1,79.5
177.2,83.5
158,64.5
169.8,77.9
168.7,87.1
178.8,81
177.6,85.4
179.8,93.7
178.3,91.3
181.1,91.8
164.7,72.7
159.4,67.2
171.8,79.6
185.3,101.7
174.4,82.6
165.6,72.1
162.1,67.5
183.2,92.6
178.4,97
179,86.6
185.7,96.8
175.9,87.6
177.6,90.3
180.4,92.5
180.2,93.3
178.6,83.4
176.5,92.2
175.5,92.6
190.6,101.7
177.7,85.6
184,94.2
182.1,93.9
184.5,87.1
180.8,92.8
175.2,87.5
171,89.6
182.4,90.7
175.4,85
168.5,75.6
177,82.7
167,72.6
162.4,70.8
166.7,70.9
175.4,77.9
168.7,75.9
176.1,94.8
172.7,84
175,78.4
182,91.9
164.5,77.1
181.2,92.2
171.6,79.7
166,73.8
167.8,80.9
162.4,67.7
175.8,78.8
187.7,95.1
178.4,86.6
162.9,66.9
170.2,87
177,88.2
176,90.2
172,81.3
164.1,76.7
162.5,64.6
180.9,96.5
182,89.1
170.3,77.9
159.1,63.5
179.4,91.3
169.9,79
193.6,104
182.4,96.6
175.4,88.4
181.1,101.8
181.8,95.3
173.1,86.9
177.4,79
195.8,113
170.9,82.7
169.7,73.3
168,77.5
173.2,77.8
182.5,87.3
171.8,80.8
174.4,85.5
166.6,86.2
194.4,110.3
178.9,97.1
156.2,61.9
176.5,90.1
162.1,70.4
170.7,79.6
175.5,87.3
175.7,84.5
170.6,83.3
172.3,86.1
175,83.1
167.9,66.3
171.3,83
173.6,92.8
172,79.8
182.3,89.1
170.8,82.8
174.8,83.8
176.6,83.5
173.9,81
179.2,82.2
176.7,90.6
164.4,75.8
177.4,93.7
179.8,90.2
173.3,86.1
170.3,83.1
169.3,75.1
179,85
188.7,100.8
175.9,78.6
175.6,85.7
188.9,96.9
176.8,87.9
175.3,79.1
179.6,92.2
188.9,92.7
180.7,90.2
183.2,92.2
161.2,66.9
173.2,82.4
174.9,86.4
174.6,85.4
169.7,78.3
158.3,63.7
185.9,100.6
176,78.4
175.1,89
168.4,74.1
180.1,91.3
187,90.2
185.1,91.2
178.4,89.3
171.8,84.8
165.3,71.2
177,82.2
183.6,85.8
185.3,95.3
178.9,89.2
187.6,98.7
167.3,77
171.4,83.6
168.7,82.5
175.6,79.2
188.8,104.1
176.5,87.5
179.4,90.7
173,77.8
180,86.5
181.5,89.5
172.3,83.3
179.2,87.7
175.4,82.3
166.5,74.6
177.2,87.8
169.3,78.2
173.2,88.4
186.3,92.1
156.1,58.4
175.3,80.3
177.5,81.5
183.7,92.5
174.4,80.8
184.9,91.1
174.3,84.2
175.1,88.1
180.2,90.6
186.1,100.4
168.6,85.4
171.2,78.5
187.9,91.3
177.7,86.9
166.2,75.2
175.6,92.3
188.7,96.2
171.3,71.9
177.9,92.9
167.3,71.8
176.6,82.4
164.8,78.4
167.8,76.2
169,72.4
168.5,77.9
181.9,94.8
168,73.8
183.1,96.7
171.2,83.8
175.8,79.9
169.5,75.5
186.1,91.4
174.2,86.6
182.3,88.5
181.1,96.2
170.4,76.2
181.4,97.6
167.1,77.4
171.2,88.7
167.2,74
186.2,101.5
165.6,74.9
166,70.9
183.8,90.7
170.1,79.9
169.2,81.2
175.5,80.2
183.2,93.7
190,97.6
182.4,90.4
167.9,78.2
175.4,87.1
164.6,66.8
180.6,83.5
171,78.5
175.5,78.6
180.6,82.1
162.4,73.6
177.6,83.4
177.1,93.7
165.4,75.9
181.9,95.4
185.2,96.5
169.4,76.8
176.8,77.7
162.8,74.6
184,96.1
180.9,94.6
175.4,79.9
191.9,99.3
169.9,80.5
186.2,88.4
167.3,79.6
174.7,79.2
176.1,84.5
172.6,78.9
175.8,85.4
174,90.7
180.5,86
180.5,93.8
176.5,85.6
190.4,112.9
174,83.3
179.4,89.1
171.2,76.4
165.2,80.9
179.9,89.1
179.7,89
184.1,90.2
178.9,93.2
192,108.6
165.4,77.1
176.2,86.8
172.9,85
182.7,97.6
183.2,92.7
187.7,103.1
166.8,82.3
186.4,90.7
187.3,89.6
164.1,78.9
168.4,82.5
167.6,80.6
174.3,81.3
170.5,83
174.3,83.6
181.6,104.2
181.7,90.6
174.3,83.1
184.5,92.9
177.1,84.7
169.3,76.2
172.8,81.7
179.3,85.5
171.1,75.9
182.3,87.7
168.7,82.9
173.2,86.3
172.6,82.4
165.9,83.4
177.4,84.6
167.2,77.4
180.1,97.6
181.6,88.7
188.4,101.4
182.8,97.7
167.6,76.4
175.3,89.1
173.9,83.3
165.2,74.5
187.1,101.4
176.7,80
175.1,82
172,76.5
170.1,79.3
176.6,85.3
178.9,90.4
166.9,78.6
164.6,74.1
190.7,104
171.6,75.4
177.8,93.7
186.5,98
178.3,87.3
183.3,82.2
182.4,94.2
173.4,86.4
175.2,85.6
175.1,90.6
177.2,88.7
168.2,75.3
163.8,74.7
180.6,92.5
178.6,84.9
172.8,76.9
170.5,79.7
182.5,94.3
182.2,89.8
171.3,87.4
166.9,73.9
176.2,93
169.3,76.1
172.2,78.6
186.3,93.5
175.7,84.1
187.3,90.5
177,89.5
167.2,74.5
191.7,93.7
166.8,81.9
178.9,90.3
183.4,88.7
180.4,87.4
184.1,102.3
153,69.8
181.6,87.5
174.3,74.1
179.4,85.1
178.1,99.7
170.5,79.4
169.7,79.4
167.8,73.7
166.2,76.8
174.4,88.4
176.6,79.8
187.8,99.1
172.8,84
177.4,90.8
174.2,87.2
175.2,84.5
174,84.5
178.1,83.5
167.2,71.1
168.4,74.3
172,80.6
174.4,82.6
185.1,97.7
175.3,77.7
188.8,95.4
180,84.5
178.3,88.2
176.2,79.1
179.5,88.9
162,75.2
181,87.9
176.2,88.3
181.5,92.4
182.3,87.3
165.1,69.3
167.6,80.9
173.4,80.8
171.9,81.3
164.1,75.1
182.8,93
182,92.3
173.9,77.1
162.2,73.9
172.6,80.3
174.7,80.3
181.9,94.3
176.5,89.6
168.1,68
170.8,81.8
182.9,92.4
169.8,80.5
171.6,79.8
175.2,88.2
189.6,102.9
179.9,93.6
180,88.6
174.1,89.4
165.2,69.9
177.8,84.3
182.9,93.6
178.8,81.4
173.8,88.2
170.4,80.5
180,88.9
172.5,81.3
168.5,78.2
158.7,63.6
170.3,85.2
169.6,75.3
178.3,85.3
175.8,83.1
180.8,92.7
182,96
180,81.4
183.4,97.4
163.6,66.5
171.9,80.8
179,89.8
181.7,92.9
178.1,90.5
162.7,73
176.4,81.5
174.7,89.4
168.6,75.4
170.8,82.9
182.8,93.8
184.7,94
165.6,78.2
181.8,95.8
167.2,73.7
172.6,77.1
184.3,90.2
175.5,82
167.5,71.5
162.1,75.9
171,80.4
182.6,89.2
174.5,83.6
172.6,82.9
175.9,79.4
164.8,74
170.6,80.7
185.8,104.8
167,75.7
161,64.4
195.2,109.1
173.4,78.4
166.3,68.2
181.4,94.4
171.9,84.6
174.4,77.3
170.8,79.1
164.6,72.5
172.8,81.7
184.8,92.8
171.5,82.5
182.3,95.9
168.4,82.1
191,100.9
161.3,71.1
170.8,74.2
172.2,76.7
168.6,78.4
170.7,88.1
181.6,91.9
173.2,74.9
186.2,102.2
195.8,109.1
159,69.3
176.7,92.2
191.6,100.1
160.2,63.7
194.8,105.8
170,76.9
162.9,66.3
176.7,86.8
180.8,83.4
171.5,91.1
185.9,93.8
181.9,81.5
172.1,86.3
183.6,103.1
166.2,72.9
176.6,94.3
174.7,76.1
191,99.1
183.7,95
176.1,96.3
164.9,68
176.5,90.5
169.6,84.8
180.2,82.1
185.4,86.6
182.2,90.1
154.9,68.4
171.5,80.3
173.5,84.7
176.1,87.6
172.5,76.5
176.4,93.2
172.8,78.3
195.2,115.3
179.1,81.7
177.8,80
167.4,68.6
176.8,86
173.9,75.7
173.3,74.2
179.6,88.1
172.1,78
182.9,85.9
184.7,94.1
168,83.4
173.7,85.9
181.8,83.7
178.7,83.9
167.4,72.1
158.8,65.7
174.1,85.7
175.8,88.1
162.2,73.3
185.8,93.3
182.7,90.1
176.8,84.2
174.2,82.1
188.1,98.5
171.6,77.7
185.5,102.3
161.9,72
182.3,94.1
172,91.2
181.7,100.2
169.4,83.7
190.6,100.7
179.8,84.6
171.4,82
183.1,88.5
175.5,86.3
175.6,86.3
176.1,81.8
169.9,78.1
180.8,90.3
178.4,89.1
177.4,81
164.4,73.3
185.2,92.6
180.8,91.1
160.3,69.8
168.7,78.9
176.8,83.8
178.4,86.5
177,82.9
172.4,77.5
171.1,79.2
180.3,82.6
185.1,100.6
158.4,68.4
160.6,64.5
178.2,91.5
175.1,92.7
178.2,86
169.4,79
177.7,89
162.8,74.6
168.4,72.2
179.2,92.7
186.2,93.5
170.2,71
181.4,90.6
175.9,73.6
194.6,108.7
174.5,88.6
155.2,66.8
182.5,91.9
165.7,77.3
170.8,71.7
190.1,104.1
164.8,70.3
172.3,81.5
174.5,85.4
174.9,87.9
177.9,86.5
171.6,89.1
173.8,78.4
171.9,77.8
175.7,87
182.4,92.2
187.6,101.4
177.2,84.5
169.2,87
168.1,70.1
170.5,82.8
194.3,104.7
176.7,83.7
177.8,90.9
187.6,101
175.2,78.5
179.4,90
165.5,69.5
165.7,76.5
178.1,84.7
172.2,81.6
174.7,90.5
172.8,76
174.7,84.8
173.5,83.8
170,76.9
166,75.7
168.2,80.2
175.1,88.9
177.1,85.4
157.6,67.7
170.8,75.8
165.8,73.1
176.3,85.6
167.8,73.6
175.4,90
173,84.8
184.7,95.4
181.1,86.1
179.8,95
177.3,81.7
179.1,87.6
171.8,73.3
175.6,83.5
176.1,81.8
173,85.8
187.4,98.4
183.1,94.1
183.9,96.3
176.6,86
181.3,85.8
171.3,85.3
161.8,77
182,94.5
189.1,98.7
174,76.1
173,77.9
160.1,59.8
174.6,86.3
183,95.2
176.3,82
180.2,88.1
180.4,87.5
185.7,93.8
175.8,82.7
177.5,88.9
180.5,89.8
166.5,73.7
170.8,73.3
183.5,98.6
176.4,79.3
188.2,98.5
176.8,82.4
174.4,82.3
187.7,94.4
183,90.2
174,83.8
169.6,64.3
176,81.4
183.2,90.3
181.1,90.3
170.8,79
166.7,70.1
167.3,75.1
166.6,73.6
174.8,83.3
163.7,66.7
171.1,81.3
181.3,90.7
176,92
178.3,80.1
169.4,79.4
184,95.6
177.6,85.2
174,87.4
161.7,72.4
183.5,98.4
167.4,84.4
188.2,98
176.9,83
182.5,88.3
175.3,82.9
174.1,79.4
178.4,94.1
167.1,79.8
168.4,79.9
172.2,83.8
173.3,88.9
184.9,95.2
174.6,86.2
170.3,82.9
179.8,89.5
171.5,78.4
185.3,94.1
169,77.8
163.6,66
177.8,90.2
175.8,89.5
181.5,88.7
182.7,98.7
175.2,87.3
165.2,74.4
177.9,88.9
173.5,82.2
185.7,95.9
179.6,89.5
174.9,86.1
167.5,81.9
181.7,93.7
184.5,101.6
171.5,79.6
178.4,92.5
186,98
177,91.5
177.2,89.7
176.6,90.2
177.3,89.2
158.8,72.4
181.8,91
179,90.3
173.2,83.5
178.2,84
177,92.1
173.7,80.9
157.4,62.4
170.5,84.8
165.4,72.2
174.2,89
168.6,75.7
173,85
170.7,76.5
164.4,83.7
174.6,84.8
173,80.9
192.3,101.4
166.8,77.5
179.6,89.9
171.6,80.9
197,109.8
172.8,84.4
179.7,89.3
172.4,69.4
172.9,76.8
173.9,82.6
173.1,84.9
179.9,92.8
185.8,105.6
164.5,80.3
164.5,71.7
176.1,84.2
173.8,83.4
176,93.6
183.7,95.7
169.5,70.8
171.5,81.2
175.5,89.2
171.3,87.5
178.8,81.4
178.6,95.1
174.3,91.5
180.4,87.5
180.2,86.5
172.1,81.1
182.4,100
185.3,90.3
181.3,93.1
185,90.6
167,76.1
174.7,84.3
174.4,93.7
171.5,80.3
182.8,96.2
167.3,79.9
169.9,88.6
179.1,80.3
171.2,77.6
179.1,93.3
184,94.4
179.2,89.4
178.3,88.3
180.8,93.5
161.5,71.1
172.3,76.9
170.2,76.6
166.4,79.6
166.5,80.6
174.7,84.8
180.1,82.7
168.5,71
163.2,77
167.6,78.9
167.7,78.1
180,100.3
175.2,86.2
175.1,86.7
162.2,73.4
173.9,80.2
183.2,97.3
185.3,97.3
172.4,76.6
172,79.7
174,92.1
177.5,92.3
171.8,87.1
181.5,82.6
186.1,102.2
152.1,53.4
179.9,98
165.1,67.7
175.3,85.4
177.7,90.6
170.6,73.8
184.8,102.8
174.1,84.7
168.1,68
175.7,85.8
176.1,83.6
177.3,94.5
171.3,78.1
187,96.4
174.1,88
169.4,76.8
176.2,91
175.4,78
181,95
179.3,98.2
167.3,71.4
169,76.3
175.5,88.3
185,100.3
175.6,91.6
172.5,78.6
172.5,83.5
163.8,72.9
170.2,83.4
174,83.5
170.6,81.4
182.7,82.9
177.4,86.1
177.2,90.6
169.1,69.6
173.7,86.4
182.1,96.4
172.5,84.5
169.7,75
172.5,78.9
179.4,81.9
157.1,65.1
174.6,82.5
171.7,81.4
177.6,90.6
171.2,81.1
171.4,82
174.8,88.5
173.7,82
181.2,95.6
178.4,83.5
170.9,79.5
179.3,89.5
177.4,85.5
165.4,83.4
187.2,105.1
176,88.5
172.5,79
183.8,96.8
175.1,85.2
180,94.9
164.2,73.7
175.4,80
171.9,81
194.9,109.6
172.4,82.1
160.4,70.2
173.5,79.5
181.7,87.1
174,79.6
169.2,75
172.9,84.8
178.5,92.3
172.5,80.3
181.5,90.4
172.9,78.8
175.6,83.7
177.4,89.1
182.3,86
172.5,90.5
168.5,75.3
175.8,84.5
172.2,81.5
181.1,96
191.3,109.1
173.2,79.3
169.6,79.9
174.1,86.2
169.5,77
184,96.7
165.7,69
170.5,70.5
165.4,69.5
161.9,70.2
166.2,79.3
170.2,72.7
171,88.5
165.1,71.5
172,83.9
170.9,81
173.3,79.3
170.7,80.1
177.9,94.5
173.4,84.2
173.7,82.4
182.7,97.5
175.6,76.1
177.4,92
174.1,81.8
174.9,80.1
186.9,104.1
173.6,88.8
173.4,83
181.4,89.1
181,87.4
170.6,76.3
173.8,80.8
176.5,91.9
176.2,79.8
165.3,74.2
178.6,86.2
178.1,87.3
174.4,82.7
173.8,75.3
180.8,92
172.7,81.4
166,79
175.1,86.1
176.8,84.8
182,95.8
168.5,79.7
171.8,89.2
169.9,82.4
171.4,77.8
174,78.3
189.7,99.3
163.4,71.6
174.2,87.1
184.1,96.6
184.3,100.9
163.6,71.7
182.1,92
177,80.7
173.2,83.5
177.9,81.5
179.5,83.6
170.9,86.3
164.6,69.7
179.1,91.8
175,87
180.9,82.9
179.5,84.7
172.6,77.7
187.8,95.8
168.1,81.7
165.9,85.9
178.2,79.5
148.4,55
184,91.6
171.4,75
170.2,75.1
173,84.8
173.4,81.2
174.3,76.9
183.2,93.2
170.8,79.8
184.6,92.3
160.5,63.1
169.1,86.1
185.2,100.9
189.3,102.3
176.3,76.9
184.9,91.5
178.5,87.1
183.4,85.7
178.8,82.1
181.8,97.7
171.6,76.4
171.5,84.5
185.1,86.3
171.8,74.9
156.9,66.4
175.7,81.6
166.8,68.8
167.3,72.6
177.2,84.5
170.2,75.6
171.9,87.7
190.4,97.3
186.7,85.7
166.8,77.1
170.6,82.9
178.8,88
179.8,90
180.9,92.7
169.6,74.2
176.2,84
160,61.5
170.4,82.8
180.8,96.8
169.3,78
174,88.5
178.1,82.5
176.8,94.8
179.6,87.1
180.9,92.6
189.6,96.8
183.4,90.5
168.6,79.7
167.2,87.5
171.9,87.2
180.9,95.5
185.7,97.2
173.2,81.2
172.4,82.7
169.6,84.5
167.5,82.1
166.1,75.1
178.5,83.4
169.6,76.2
171.2,83.4
175.3,90.1
169.5,79
165.3,72.8
184.7,102.5
179.2,92.4
173.9,83.2
172.5,81.2
181.7,96.4
177.9,87.9
171.6,85
180.2,85.6
184.1,102.2
177.7,92.2
168.7,79.9
178.9,86.3
181.3,90.2
158.6,69.3
183.3,85.6
172.3,78.4
178.9,89
173.8,85.3
181.6,95.2
183.3,89.1
175,83.9
167.7,75.9
188.5,92.9
164,71.5
182.5,99.4
162.5,62.9
166.4,75.5
182.8,93.4
171.1,76.2
168.7,76.8
181.8,88
184.8,99.6
174.8,84.8
173.7,81.5
179,87.8
177.9,90.3
178.3,90
185,93.7
168.7,80.6
187.5,99.3
163.3,72.5
169.5,82.6
178.9,87.4
166.1,66.3
173.3,83.1
174,76.7
169.3,81.9
187.2,96.9
178.7,87.1
172.3,82.4
179.2,93.4
169.7,84.5
188.5,101.1
171.9,78.8
170.9,78.3
184.4,93.2
166,78.4
183.3,93
172.9,88.1
168,77.5
172.4,77.5
173.1,88.4
162,66.7
170.4,74.8
176.2,88.1
176.7,83
184.3,95.6
172.7,77.7
174.1,78.1
171.8,88.4
167.8,76
173.7,81.5
176.8,85.7
177.3,87.3
179.7,96.5
179.1,79.3
185.4,101.8
170.2,80
178.7,83.2
166.8,82.4
163.9,69.7
162.2,70.3
179.9,92.5
172.2,81.6
171.7,84.2
172.5,78.7
184.6,98.3
165.7,65.9
171.5,80.5
174.6,76.9
178.7,91.9
183,90.3
170.2,75.6
181.7,90.7
177,85.1
168.1,77.3
169.7,78.7
167.3,76.9
188,99.7
168.6,78.4
177.4,88.9
178.2,88.4
182.1,93.3
171.5,76
167.7,75.8
171.3,75
175.1,82.7
169,85.9
180.8,88.6
175,82
166.2,72.9
178.9,90.8
181,85.9
173.6,79
186.3,98.5
183.6,96.7
188.1,99.5
173.5,87.9
165.5,77.8
154,71
175.2,87.1
176.5,85.7
165.1,73
178.3,89.6
165.1,63
182,86.2
184.4,102
180.5,86.8
184.7,99.2
175.6,80.1
175.2,82.7
181.7,92.5
165.9,77.9
185.7,88
174.9,80.3
175.2,72.3
170.2,90.4
181.8,84.3
178.7,90.2
